{"DefaultTint":{"r":0.6000000238418579,"g":0.6000000238418579,"b":0.699999988079071,"a":0.699999988079071},"FoldersData":{"Keys":["33e83bd6382c3344d821e396f82193fa","e555877fdf04664409cb881b9bfe7343","b70c78a4fd7412940b96d45b06fc64ad"],"Values":[{"_guid":"33e83bd6382c3344d821e396f82193fa","_color":{"r":0.24000000953674317,"g":0.7765412926673889,"b":0.800000011920929,"a":0.699999988079071},"_recursive":true},{"_guid":"e555877fdf04664409cb881b9bfe7343","_color":{"r":0.6065678000450134,"g":0.24000000953674317,"b":0.800000011920929,"a":0.699999988079071},"_recursive":true},{"_guid":"b70c78a4fd7412940b96d45b06fc64ad","_color":{"r":0.3601795434951782,"g":0.24000000953674317,"b":0.800000011920929,"a":0.699999988079071},"_recursive":true}]}}